epoch,step,reference,generated,rouge_rouge1,rouge_rouge2,rouge_rougeL,rouge_rougeLsum,bleu_bleu,bleu_precisions,bleu_brevity_penalty,bleu_length_ratio,bleu_translation_length,bleu_reference_length,meteor_meteor,bertscore_precision,bertscore_recall,bertscore_f1
0.012100384792236393,5000,"This image shows the improvement of a patient with a skin disease, as demonstrated by dermoscopic analysis of their skin. The disease caused changes in the skin's appearance, such as shape and color, and required treatment to improve the patient's condition. Dermoscopy played a crucial role in monitoring the patient's progress and providing visual evidence of the treatment's effectiveness.","assistant
This image shows a close-up view of a skin disease characterized by redness and inflamed patches on the skin, likely caused by an allergic reaction to an irritant. Treatment options include topical creams and avoiding the allergen.",0.22198803637930303,0.07632329845227578,0.17123968381203997,0.17215333347353273,0.05441147671395265,"[0.3072289156626506, 0.09506172839506173, 0.04556962025316456, 0.02207792207792208]",0.7390352655369318,0.7678075855689177,830,1081,0.18074560387471472,0.8607982635498047,0.8514825820922851,0.8559780120849609
0.012100384792236393,5000,"Plaque-like plexiform schwannoma, characterized as soft, slightly raised, roughened lesions with hypertrichosis and a darker color than the surrounding skin, in a patient with Neurofibromatosis Type 2 (NF2).","assistant
This image shows a close-up view of a skin disease characterized by red, inflamed patches on the skin, caused by an overproduction of skin disease, caused by an overproduction of skin cells. Treatment options include topical creams and ointments to reduce inflammation and itching.",0.22198803637930303,0.07632329845227578,0.17123968381203997,0.17215333347353273,0.05441147671395265,"[0.3072289156626506, 0.09506172839506173, 0.04556962025316456, 0.02207792207792208]",0.7390352655369318,0.7678075855689177,830,1081,0.18074560387471472,0.8607982635498047,0.8514825820922851,0.8559780120849609
0.012100384792236393,5000,"Radiographic examination showed that the left femoral head was flat, the left hip joint space was significantly narrow, and the left acetabulum was slightly hardened.","assistant
This image shows a close-up view of a skin disease characterized by red and inflamed patches on the skin, likely caused by an allergic reaction to a specific substance. Treatment options include topical creams and avoiding the allergen.",0.22198803637930303,0.07632329845227578,0.17123968381203997,0.17215333347353273,0.05441147671395265,"[0.3072289156626506, 0.09506172839506173, 0.04556962025316456, 0.02207792207792208]",0.7390352655369318,0.7678075855689177,830,1081,0.18074560387471472,0.8607982635498047,0.8514825820922851,0.8559780120849609
0.012100384792236393,5000,"This image describes skin tags, which are harmless skin growths that can hang from the skin and are often a sign of insulin resistance or diabetes. It is important to take care of skin tags and consult a dermatologist if numerous tags develop suddenly.","assistant
This image shows a close-up view of a skin disease characterized by red and inflamed patches on the skin, caused by an overproduction of skin diseases, which may be treated with topical creams or steroids.",0.22198803637930303,0.07632329845227578,0.17123968381203997,0.17215333347353273,0.05441147671395265,"[0.3072289156626506, 0.09506172839506173, 0.04556962025316456, 0.02207792207792208]",0.7390352655369318,0.7678075855689177,830,1081,0.18074560387471472,0.8607982635498047,0.8514825820922851,0.8559780120849609
0.012100384792236393,5000,"The image is a dermoscopy photograph focusing on a skin lesion. A region of interest is located at center part of the image horizontally and middle part of image vertically, occupying approximately 77.1% of the total area. The lesion is characterized by a variety of colors, including shades of brown, black, and pink, with an irregular and asymmetric pattern, and a heterogeneous texture. The lesion's specific location is not provided, but it is situated centrally within the image, occupying a significant portion of the visual field. The region of interest, which is centrally located, displays an irregular border and variegated pigmentation, which are common features of concern in pigmented skin lesions. The surrounding skin appears lighter and more uniform in color, indicating a contrast between the lesion and the normal skin. The lesion's irregularity in color and texture compared to the surrounding skin suggests it could be a pigmented skin lesion, potentially indicative of a skin condition that may require further medical evaluation. The lesion's characteristics and its contrast with the adjacent skin could imply that it is the primary area of concern, possibly affecting or being affected by the surrounding tissue.","assistant
This image shows a close-up view of a skin disease characterized by red, inflamed patches on the skin, likely caused by an allergic reaction to a specific substance. Treatment options include topical creams and avoiding the allergen.",0.22198803637930303,0.07632329845227578,0.17123968381203997,0.17215333347353273,0.05441147671395265,"[0.3072289156626506, 0.09506172839506173, 0.04556962025316456, 0.02207792207792208]",0.7390352655369318,0.7678075855689177,830,1081,0.18074560387471472,0.8607982635498047,0.8514825820922851,0.8559780120849609
0.012100384792236393,5000,Complete epithelialization on day 72 on the scalp.,"assistant
This image shows a close-up view of a skin disease characterized by red and inflamed patches on the skin, likely caused by an allergic reaction to an irritant. Treatment options include topical creams and avoiding the allergen.",0.22198803637930303,0.07632329845227578,0.17123968381203997,0.17215333347353273,0.05441147671395265,"[0.3072289156626506, 0.09506172839506173, 0.04556962025316456, 0.02207792207792208]",0.7390352655369318,0.7678075855689177,830,1081,0.18074560387471472,0.8607982635498047,0.8514825820922851,0.8559780120849609
0.012100384792236393,5000,"This image shows a red, itchy rash on the skin, commonly associated with an allergic reaction to an irritant such as poison ivy or poison oak. The rash typically appears in a red, scaly patches and may be accompanied by itching, burning, and swelling. Treatment options include avoiding the irritant, using over-the-counter creams or oral medications to reduce inflammation and itching, and seeking medical attention if the rash worsens or does not improve with treatment.","assistant
This image shows a close-up view of a skin disease characterized by red, inflamed patches on the skin, likely caused by an allergic reaction to a specific substance. Treatment options include topical creams and avoiding the allergen.",0.22198803637930303,0.07632329845227578,0.17123968381203997,0.17215333347353273,0.05441147671395265,"[0.3072289156626506, 0.09506172839506173, 0.04556962025316456, 0.02207792207792208]",0.7390352655369318,0.7678075855689177,830,1081,0.18074560387471472,0.8607982635498047,0.8514825820922851,0.8559780120849609
0.012100384792236393,5000,"Moth-eaten"" hair loss observed in the occipital area (circles)","assistant
This image shows a close-up view of a skin disease characterized by red, inflamed patches on the skin, likely caused by an allergic reaction to a specific substance. Treatment options include topical creams and avoiding the allergen.",0.22198803637930303,0.07632329845227578,0.17123968381203997,0.17215333347353273,0.05441147671395265,"[0.3072289156626506, 0.09506172839506173, 0.04556962025316456, 0.02207792207792208]",0.7390352655369318,0.7678075855689177,830,1081,0.18074560387471472,0.8607982635498047,0.8514825820922851,0.8559780120849609
0.012100384792236393,5000,A photographic image of transcutaneous oxygen pressure applied to a diabetic foot ulcer patient without free flap reconstruction. The probe is located in the posterior tibial artery.,"assistant
This image shows a close-up view of a skin disease characterized by red and inflamed patches on the skin, caused by an overproduction of skin cells, which may be treated with topical creams or ointments.",0.22198803637930303,0.07632329845227578,0.17123968381203997,0.17215333347353273,0.05441147671395265,"[0.3072289156626506, 0.09506172839506173, 0.04556962025316456, 0.02207792207792208]",0.7390352655369318,0.7678075855689177,830,1081,0.18074560387471472,0.8607982635498047,0.8514825820922851,0.8559780120849609
0.012100384792236393,5000,"34-year-old female experiencing itching, erythema, and white patches on the left side of her neck and head for four months. Several possible diagnoses were discussed including fungal infection, ringworm, Sweet's syndrome, contact dermatitis, and possibly tinea corporis. There is a mention of recurrent episodes of erythema. The use of steroids or other localized treatments was denied by the poster. The condition has persisted, suggesting it is likely not an insect-related dermatitis.","assistant
This image shows a close-up view of a skin disease characterized by red, inflamed patches on the skin, likely caused by an allergic reaction to a specific substance. Treatment options include topical creams and avoiding the allergen.",0.22198803637930303,0.07632329845227578,0.17123968381203997,0.17215333347353273,0.05441147671395265,"[0.3072289156626506, 0.09506172839506173, 0.04556962025316456, 0.02207792207792208]",0.7390352655369318,0.7678075855689177,830,1081,0.18074560387471472,0.8607982635498047,0.8514825820922851,0.8559780120849609
0.012100384792236393,5000,"This image describes a rare soft tissue sarcoma called malignant fibrous histiocytoma (MFH), which commonly affects patients in their 60s and 70s and can present as a reddish, irritated skin lesion.","assistant
This image shows a close-up view of a skin disease characterized by red, inflamed patches on the skin, caused by an overproduction of skin disease, which can be treated with topical creams and antihistamines.",0.22198803637930303,0.07632329845227578,0.17123968381203997,0.17215333347353273,0.05441147671395265,"[0.3072289156626506, 0.09506172839506173, 0.04556962025316456, 0.02207792207792208]",0.7390352655369318,0.7678075855689177,830,1081,0.18074560387471472,0.8607982635498047,0.8514825820922851,0.8559780120849609
0.012100384792236393,5000,"This image depicts Kaposi sarcoma, a skin disease characterized by purple, irregular, and sometimes ulcerated lesions. It is caused by human herpes virus and is more prevalent in immunocompromised individuals. The prognosis varies based on the type, with the classic type having a good prognosis, while the African and AIDS-associated types have a poor prognosis. Treatment options include chemotherapy and immunotherapy.","assistant
This image shows a close-up view of a skin disease characterized by red, inflamed patches on the skin, likely caused by an allergic reaction to a specific substance. Treatment options include topical creams and avoiding the allergen.",0.22198803637930303,0.07632329845227578,0.17123968381203997,0.17215333347353273,0.05441147671395265,"[0.3072289156626506, 0.09506172839506173, 0.04556962025316456, 0.02207792207792208]",0.7390352655369318,0.7678075855689177,830,1081,0.18074560387471472,0.8607982635498047,0.8514825820922851,0.8559780120849609
0.012100384792236393,5000,"This image shows a person with a skin disease characterized by dry, red, and itchy patches on their skin. The cause of this condition is not mentioned, but it may be an allergic reaction or an autoimmune disorder. Treatment options include topical creams, ointments, or oral medications prescribed by a dermatologist.","assistant
This image shows a close-up view of a skin disease characterized by red and inflamed patches on the skin, likely caused by an allergic reaction to a specific substance. Treatment options include topical creams and avoiding the allergen.",0.22198803637930303,0.07632329845227578,0.17123968381203997,0.17215333347353273,0.05441147671395265,"[0.3072289156626506, 0.09506172839506173, 0.04556962025316456, 0.02207792207792208]",0.7390352655369318,0.7678075855689177,830,1081,0.18074560387471472,0.8607982635498047,0.8514825820922851,0.8559780120849609
0.012100384792236393,5000,"This image depicts a person struggling with a skin disease that spreads rapidly, despite the dermatologist's initial reluctance to perform a skin biopsy or provide strong treatment. The disease eventually returns after the person weans themselves off of steroids, and the dermatologist downplays the severity of the situation, causing frustration and a sense of being dismissed.","assistant
This image shows a close-up view of a skin disease characterized by red and inflamed patches on the skin, likely caused by an allergic reaction to an irritant. Treatment options include topical creams and avoiding the allergen.",0.22198803637930303,0.07632329845227578,0.17123968381203997,0.17215333347353273,0.05441147671395265,"[0.3072289156626506, 0.09506172839506173, 0.04556962025316456, 0.02207792207792208]",0.7390352655369318,0.7678075855689177,830,1081,0.18074560387471472,0.8607982635498047,0.8514825820922851,0.8559780120849609
0.012100384792236393,5000,"Mature linear scar section treated with avotermin 200 ng/100 Î¼L per linear cm, showing the scar's appearance after being randomized to receive avotermin immediately following wound closure and 24 hours later.","assistant
This image shows a close-up view of a skin disease characterized by red, inflamed patches on the skin, likely caused by an allergic reaction to a specific substance. Treatment options include topical creams and avoiding the allergen.",0.22198803637930303,0.07632329845227578,0.17123968381203997,0.17215333347353273,0.05441147671395265,"[0.3072289156626506, 0.09506172839506173, 0.04556962025316456, 0.02207792207792208]",0.7390352655369318,0.7678075855689177,830,1081,0.18074560387471472,0.8607982635498047,0.8514825820922851,0.8559780120849609
0.012100384792236393,5000,"This image shows a skin disease characterized by red, itchy patches on the affected area. The cause of this condition is an overactive immune response, and treatment options include the use of H2 antagonists to reduce inflammation and itching.","assistant
This image shows a close-up view of a skin disease characterized by red and inflamed patches on the skin, caused by an overproduction of skin diseases, caused by an overproduction of skin diseases, which can be treated with topical creams or ointments.",0.22198803637930303,0.07632329845227578,0.17123968381203997,0.17215333347353273,0.05441147671395265,"[0.3072289156626506, 0.09506172839506173, 0.04556962025316456, 0.02207792207792208]",0.7390352655369318,0.7678075855689177,830,1081,0.18074560387471472,0.8607982635498047,0.8514825820922851,0.8559780120849609
0.012100384792236393,5000,"This image describes acrocyanosis, a condition where the skin turns blue or gray due to poor circulation, commonly affecting the hands and feet. It is more significant in the distal vasculature compared to the whole hand or foot. The most common associated condition is anorexia nervosa, and treatment involves treating the underlying eating disorder and avoiding medications. A simple bedside test is to lift the affected area, which can help reduce redness.","assistant
This image shows a close-up view of a skin disease characterized by red and inflamed patches on the skin, likely caused by an allergic reaction to an irritant. Treatment options include topical creams and avoiding the allergen.",0.22198803637930303,0.07632329845227578,0.17123968381203997,0.17215333347353273,0.05441147671395265,"[0.3072289156626506, 0.09506172839506173, 0.04556962025316456, 0.02207792207792208]",0.7390352655369318,0.7678075855689177,830,1081,0.18074560387471472,0.8607982635498047,0.8514825820922851,0.8559780120849609
0.012100384792236393,5000,Norwegian scabies: interdigital scaling.,"assistant
This image shows a close-up view of a skin disease characterized by red and inflamed patches on the skin, likely caused by an allergic reaction to an irritant. Treatment options include topical creams and avoiding the allergen.",0.22198803637930303,0.07632329845227578,0.17123968381203997,0.17215333347353273,0.05441147671395265,"[0.3072289156626506, 0.09506172839506173, 0.04556962025316456, 0.02207792207792208]",0.7390352655369318,0.7678075855689177,830,1081,0.18074560387471472,0.8607982635498047,0.8514825820922851,0.8559780120849609
0.012100384792236393,5000,"This image shows skin conditions such as bright red cuticles, spots on the ears, ulcers in the mouth, and sun-sensitive rashes, which can mimic other diseases like eczema or contact dermatitis. A skin biopsy can help differentiate between these conditions.","assistant
This image shows a close-up view of a skin disease characterized by red, inflamed patches on the skin, caused by an overproduction of skin cells, which may require treatment.",0.22198803637930303,0.07632329845227578,0.17123968381203997,0.17215333347353273,0.05441147671395265,"[0.3072289156626506, 0.09506172839506173, 0.04556962025316456, 0.02207792207792208]",0.7390352655369318,0.7678075855689177,830,1081,0.18074560387471472,0.8607982635498047,0.8514825820922851,0.8559780120849609
0.012100384792236393,5000,"9-month-old Patient XP420BE from the XP-D complementation group with severe blistering erythema of the malar area following minimal sun exposure, with sparing of the forehead and eyes protected by a hat.","assistant
This image shows a close-up view of a skin disease characterized by red, inflamed patches on the skin, likely caused by an allergic reaction to an irritant. Treatment options include topical creams and avoiding the allergen.",0.22198803637930303,0.07632329845227578,0.17123968381203997,0.17215333347353273,0.05441147671395265,"[0.3072289156626506, 0.09506172839506173, 0.04556962025316456, 0.02207792207792208]",0.7390352655369318,0.7678075855689177,830,1081,0.18074560387471472,0.8607982635498047,0.8514825820922851,0.8559780120849609
